Frame,ID,X_Coordinate,Y_Coordinate
1,1,1562.2130126953125,951.4661865234375
1,2,756.9615478515625,803.1258544921875
1,3,1539.21533203125,312.93084716796875
1,4,604.2256469726562,220.4402618408203
1,5,1072.7540283203125,764.5980224609375
1,6,1098.29833984375,167.39358520507812
1,7,1364.924560546875,305.4258117675781
1,8,301.15484619140625,920.186279296875
1,9,761.781494140625,551.3611450195312
1,10,904.9887084960938,359.8120422363281
1,11,855.6567993164062,608.652587890625
2,1,1578.235595703125,946.7982177734375
2,2,759.1831665039062,793.579345703125
2,3,1533.486328125,304.6082458496094
2,4,604.3909912109375,219.9911346435547
2,5,1086.3712158203125,767.5499267578125
2,6,1099.46044921875,167.2017822265625
2,7,1371.2547607421875,302.0309143066406
2,8,303.4062805175781,919.4791259765625
2,9,767.0596923828125,542.3427124023438
2,10,906.12060546875,356.72381591796875
2,11,856.6867065429688,601.609130859375
3,1,1594.4736328125,942.3822021484375
3,2,760.33642578125,784.7066650390625
3,3,1530.7457275390625,300.5354919433594
3,4,604.5374755859375,219.883056640625
3,5,1100.45263671875,770.9171142578125
3,6,1102.4791259765625,167.05972290039062
3,7,1382.685791015625,299.8841552734375
3,8,306.70770263671875,918.1395263671875
3,9,756.8809814453125,534.4946899414062
3,10,908.5379638671875,353.20916748046875
3,11,858.6548461914062,595.9030151367188
4,1,1610.792724609375,937.3192749023438
4,2,760.7472534179688,773.90087890625
4,3,1526.926513671875,297.40045166015625
4,4,604.4686889648438,219.90823364257812
4,5,1115.2041015625,774.310791015625
4,6,1105.389892578125,167.08831787109375
4,7,1388.4501953125,296.8943786621094
4,8,312.53778076171875,915.0692138671875
4,9,771.2637939453125,527.0384521484375
4,10,911.2108764648438,350.6497802734375
4,11,860.2808837890625,589.391845703125
5,1,1627.746826171875,926.1859741210938
5,2,760.7855834960938,763.006103515625
5,3,1523.80419921875,293.332763671875
5,4,604.3431396484375,219.87059020996094
5,5,1124.52294921875,777.3653564453125
5,6,1106.66796875,167.08770751953125
5,7,1393.1490478515625,295.7439880371094
5,8,319.2514343261719,912.0718383789062
5,9,777.0357666015625,518.712646484375
5,10,915.6435546875,349.3187561035156
5,11,862.8616943359375,584.2899169921875
6,1,1643.27978515625,914.9532470703125
6,2,760.76953125,753.8488159179688
6,3,1521.2916259765625,288.6473388671875
6,4,604.2977294921875,219.919677734375
6,5,1137.94482421875,781.4291381835938
6,6,1106.638671875,166.90528869628906
6,7,1399.58544921875,294.8404235839844
6,8,323.29742431640625,909.9036254882812
6,9,774.2100830078125,511.09674072265625
6,10,917.2757568359375,348.150146484375
6,11,865.593017578125,578.3853149414062
7,1,1657.430419921875,900.116455078125
7,2,760.9432373046875,743.1180419921875
7,3,1512.865234375,284.45745849609375
7,4,604.2740478515625,219.92755126953125
7,5,1150.7628173828125,782.6058349609375
7,6,1105.9761962890625,166.6531219482422
7,7,1407.951171875,292.9872741699219
7,8,326.0291442871094,908.0071411132812
7,9,777.446044921875,503.35577392578125
7,10,919.513671875,347.358154296875
7,11,867.2630004882812,573.0206298828125
8,1,1667.510009765625,884.16455078125
8,2,760.467529296875,735.5468139648438
8,3,1509.9344482421875,280.2314758300781
8,4,604.19384765625,219.842529296875
8,5,1164.689453125,782.7117919921875
8,6,1104.621826171875,166.79159545898438
8,7,1413.3505859375,290.67535400390625
8,8,329.3218688964844,906.6846923828125
8,9,783.2198486328125,495.5816650390625
8,10,921.6141357421875,346.28350830078125
8,11,867.6072998046875,566.921630859375
9,1,1676.565185546875,872.6727905273438
9,2,759.7945556640625,726.5684204101562
9,3,1506.8702392578125,277.2250061035156
9,4,604.1192626953125,219.88226318359375
9,5,1182.4371337890625,782.0673828125
9,6,1104.931396484375,166.88233947753906
9,7,1420.7196044921875,290.1206970214844
9,8,331.14288330078125,904.6531982421875
9,9,789.6323852539062,488.69683837890625
9,10,923.6453857421875,342.96600341796875
9,11,870.5703125,561.8265991210938
10,1,1693.2080078125,863.6282958984375
10,2,759.3577880859375,716.6962280273438
10,3,1502.1783447265625,273.96636962890625
10,4,603.9957275390625,219.810791015625
10,5,1199.3775634765625,781.3228759765625
10,6,1122.9215087890625,171.62606811523438
10,7,1425.302978515625,290.52093505859375
10,8,334.05718994140625,903.14208984375
10,9,798.44384765625,480.94647216796875
10,10,925.705078125,339.38848876953125
10,11,864.3538818359375,557.92724609375
11,1,1697.396484375,853.0648193359375
11,2,758.23388671875,709.3216552734375
11,3,1497.099365234375,271.30426025390625
11,4,603.912353515625,219.82861328125
11,5,1217.86279296875,778.4586181640625
11,6,1131.515625,173.0012969970703
11,7,1428.80908203125,291.14404296875
11,8,338.6070556640625,901.6771850585938
11,9,803.916259765625,474.036865234375
11,10,927.0416259765625,337.35833740234375
11,11,871.056884765625,551.9506225585938
12,1,1705.736083984375,842.5134887695312
12,2,756.94580078125,700.82568359375
12,3,1493.1025390625,264.16265869140625
12,4,603.7957763671875,219.77645874023438
12,5,1237.66650390625,775.0804443359375
12,6,1134.589599609375,174.5694580078125
12,7,1432.431640625,291.7340087890625
12,8,344.70233154296875,900.0233154296875
12,9,811.51708984375,468.16168212890625
12,10,927.3945922851562,320.051025390625
12,11,865.2052001953125,548.207275390625
13,1,1724.47607421875,829.1411743164062
13,2,754.30908203125,692.5367431640625
13,3,1489.301513671875,261.6182556152344
13,4,603.8448486328125,219.785888671875
13,5,1257.493896484375,770.2990112304688
13,6,1136.08984375,175.46023559570312
13,7,1434.1087646484375,292.361083984375
13,8,352.2657775878906,898.4404907226562
13,9,819.31982421875,462.2088623046875
13,10,928.1583251953125,310.6672058105469
13,11,864.4356689453125,544.6250610351562
14,1,1735.76171875,817.138671875
14,2,752.0344848632812,686.872314453125
14,3,1480.9154052734375,243.9263916015625
14,4,603.828125,219.77938842773438
14,5,1274.555908203125,765.1572265625
14,6,1137.424560546875,176.12969970703125
14,7,1435.04345703125,292.7618408203125
14,8,357.4967956542969,897.3510131835938
14,9,825.9923095703125,456.12799072265625
14,10,931.9964599609375,314.11260986328125
14,11,866.344970703125,538.4508666992188
15,1,1739.5166015625,802.6122436523438
15,2,747.8231201171875,681.5969848632812
15,3,1479.0260009765625,250.5828857421875
15,4,603.7890625,219.840087890625
15,5,1290.5914306640625,759.745849609375
15,6,1138.6416015625,176.45184326171875
15,7,1420.134033203125,284.2457275390625
15,8,363.6536865234375,896.2469482421875
15,9,846.861083984375,451.99365234375
15,10,936.53564453125,320.2748107910156
15,11,874.0614013671875,533.49072265625
16,1,1748.706787109375,785.76025390625
16,2,744.2861328125,671.9935913085938
16,3,1476.5703125,252.29806518554688
16,4,603.7363891601562,219.92791748046875
16,5,1307.98095703125,755.4842529296875
16,6,1139.8253173828125,176.640380859375
16,7,1430.7109375,291.4425354003906
16,8,369.6164855957031,894.1322631835938
16,10,941.0091552734375,323.8184509277344
16,11,877.84326171875,526.5286865234375
17,1,1755.522705078125,768.3870239257812
17,2,740.7074584960938,663.43994140625
17,3,1473.349853515625,249.6641387939453
17,4,603.7418212890625,220.01400756835938
17,5,1325.65869140625,751.545166015625
17,6,1141.497802734375,176.54718017578125
17,7,1434.947265625,290.7662658691406
17,8,375.849365234375,894.1021118164062
17,10,943.714111328125,322.65057373046875
17,11,882.567626953125,522.11572265625
17,9,866.97509765625,441.8242492675781
18,1,1759.273193359375,750.630859375
18,2,738.0779418945312,656.9601440429688
18,3,1468.532470703125,247.29965209960938
18,4,603.6612548828125,220.04331970214844
18,5,1340.533203125,746.78125
18,6,1142.7515869140625,176.11807250976562
18,7,1424.152587890625,280.4821472167969
18,8,379.7942199707031,892.8336791992188
18,10,946.47021484375,320.53472900390625
18,11,887.2833251953125,517.2301025390625
18,9,865.1358642578125,432.0447998046875
19,1,1759.8612060546875,736.81494140625
19,2,734.9141845703125,649.18408203125
19,3,1463.162353515625,243.76300048828125
19,4,603.63525390625,220.11065673828125
19,5,1356.3609619140625,742.5021362304688
19,6,1144.100341796875,175.76309204101562
19,7,1420.8909912109375,275.3797607421875
19,8,381.9516296386719,889.7865600585938
19,10,950.484130859375,318.2985534667969
19,11,889.8751220703125,512.5967407226562
19,9,868.9984130859375,425.5545349121094
20,1,1762.9530029296875,725.096435546875
20,2,731.741943359375,642.962158203125
20,3,1439.168212890625,236.10806274414062
20,4,603.5917358398438,220.18028259277344
20,5,1370.2078857421875,737.277587890625
20,6,1145.31689453125,175.2606201171875
20,7,1421.885009765625,272.2502746582031
20,8,385.1026611328125,888.553466796875
20,10,954.6298828125,314.97210693359375
20,11,892.10498046875,507.8834228515625
20,9,875.09814453125,419.4631042480469
21,1,1764.236328125,711.938232421875
21,2,729.2353515625,637.406494140625
21,3,1445.41650390625,232.74484252929688
21,4,603.5068359375,220.06201171875
21,5,1382.90478515625,731.0343017578125
21,6,1146.07080078125,174.40211486816406
21,7,1437.44384765625,281.8524475097656
21,8,389.5708923339844,886.8150634765625
21,10,960.4315795898438,312.76043701171875
21,11,895.23681640625,502.96142578125
21,9,892.0887451171875,416.93792724609375
22,1,1762.325439453125,699.0638427734375
22,2,725.3357543945312,631.4388427734375
22,4,603.529541015625,220.0155792236328
22,5,1393.99267578125,722.8469848632812
22,6,1147.06689453125,174.25039672851562
22,7,1443.994140625,280.3133544921875
22,8,393.63275146484375,884.5932006835938
22,10,965.8546752929688,310.51190185546875
22,11,898.6173706054688,498.9798583984375
22,9,895.8450317382812,409.809814453125
23,1,1763.8056640625,685.640625
23,2,721.6307373046875,625.0255126953125
23,4,603.5625,219.95828247070312
23,5,1405.496337890625,713.7223510742188
23,6,1148.169677734375,173.71002197265625
23,7,1449.7296142578125,277.0650939941406
23,8,398.298583984375,882.0740356445312
23,10,971.8717041015625,307.9977722167969
23,11,900.7891845703125,494.60211181640625
23,9,902.3135986328125,403.77081298828125
24,1,1753.91650390625,669.448486328125
24,2,718.728515625,619.226806640625
24,4,603.630126953125,219.8789825439453
24,5,1414.596435546875,702.7554931640625
24,6,1149.0465087890625,173.50628662109375
24,7,1451.9149169921875,275.00286865234375
24,8,401.8409729003906,879.2113037109375
24,10,977.6698608398438,305.7069396972656
24,11,902.52490234375,489.73138427734375
24,9,917.9198608398438,399.60919189453125
25,1,1749.20263671875,653.00732421875
25,2,716.0108642578125,613.58349609375
25,4,603.5955810546875,220.08932495117188
25,5,1424.1885986328125,693.247802734375
25,6,1150.5269775390625,172.86026000976562
25,7,1454.403076171875,271.89788818359375
25,8,407.5400390625,878.275390625
25,10,983.8687744140625,304.6849670410156
25,11,904.1181640625,485.5142517089844
25,9,927.9832763671875,396.0887145996094
26,1,1762.3729248046875,637.012451171875
26,2,713.8570556640625,608.0947265625
26,4,603.4996337890625,220.25479125976562
26,5,1433.39892578125,681.68603515625
26,6,1155.049072265625,173.16815185546875
26,7,1463.3516845703125,271.52545166015625
26,8,411.3067626953125,874.3710327148438
26,10,989.2262573242188,303.49664306640625
26,11,904.550048828125,481.498046875
26,9,937.9384155273438,392.04669189453125
26,3,1398.23486328125,221.21969604492188
27,1,1768.139892578125,624.6162719726562
27,2,711.6202392578125,602.4756469726562
27,4,603.419921875,220.328857421875
27,5,1441.214599609375,670.7618408203125
27,6,1157.052978515625,172.97128295898438
27,7,1468.25927734375,271.0941467285156
27,8,414.68359375,871.062255859375
27,10,994.2776489257812,302.3446960449219
27,11,906.5294189453125,476.13348388671875
27,9,946.63427734375,388.2877197265625
27,3,1390.8858642578125,220.50469970703125
28,1,1768.16259765625,613.9430541992188
28,2,709.8151245117188,597.4306030273438
28,4,603.4534912109375,220.37417602539062
28,5,1447.94482421875,660.1183471679688
28,6,1156.75927734375,173.38720703125
28,7,1471.784423828125,270.0381164550781
28,8,419.3244323730469,867.9133911132812
28,10,998.5767822265625,301.74346923828125
28,11,909.1232299804688,471.74932861328125
28,9,954.2850341796875,382.0006103515625
28,3,1384.6981201171875,219.344970703125
29,1,1769.250244140625,601.2925415039062
29,2,707.324462890625,591.4185791015625
29,4,603.609375,220.32882690429688
29,5,1455.2666015625,648.218994140625
29,6,1156.496337890625,173.849853515625
29,7,1474.036865234375,268.34661865234375
29,8,423.32763671875,864.9466552734375
29,10,1003.0738525390625,301.1948547363281
29,11,911.491943359375,467.81610107421875
29,9,963.3175048828125,376.29400634765625
29,3,1358.890625,221.28619384765625
30,1,1768.42724609375,590.1847534179688
30,2,703.1004638671875,586.3005981445312
30,4,603.638671875,220.22662353515625
30,5,1463.160400390625,637.5076904296875
30,6,1157.012939453125,173.88381958007812
30,7,1473.3134765625,267.4559631347656
30,8,427.11883544921875,861.9591064453125
30,10,1009.6585083007812,299.1401062011719
30,11,913.30859375,464.6346435546875
30,9,971.8416748046875,371.822998046875
30,3,1347.914794921875,222.4173126220703
31,1,1761.2757568359375,577.5259399414062
31,2,699.9484252929688,580.681884765625
31,4,603.7238159179688,220.19842529296875
31,5,1470.177001953125,628.794189453125
31,6,1157.33837890625,173.79525756835938
31,7,1471.718505859375,252.88613891601562
31,8,431.4293212890625,858.4719848632812
31,10,1015.5413208007812,297.71075439453125
31,11,917.7574462890625,460.22265625
31,9,978.7464599609375,367.7591552734375
31,3,1340.22998046875,223.50660705566406
32,1,1755.91943359375,566.6616821289062
32,2,697.4039916992188,576.147705078125
32,4,603.8388671875,220.1815643310547
32,5,1477.9266357421875,619.4056396484375
32,6,1157.544677734375,173.45455932617188
32,7,1469.3226318359375,244.08447265625
32,8,435.06768798828125,855.205322265625
32,10,1021.272705078125,297.5874328613281
32,11,921.0706787109375,456.18267822265625
32,9,987.5562133789062,363.66748046875
32,3,1335.641357421875,224.37014770507812
33,1,1749.8126220703125,552.78662109375
33,2,694.6691284179688,570.840087890625
33,4,603.9598999023438,220.08502197265625
33,5,1486.5347900390625,610.0255126953125
33,6,1157.9246826171875,173.5175018310547
33,7,1463.949462890625,238.4611053466797
33,8,440.8553466796875,852.1593017578125
33,10,1027.143310546875,295.3851318359375
33,11,923.758544921875,451.8964538574219
33,9,995.6370849609375,360.2490234375
33,3,1332.5341796875,225.6793212890625
34,1,1741.312744140625,538.436767578125
34,2,691.0975341796875,565.1251831054688
34,4,604.0347900390625,220.04483032226562
34,5,1493.2470703125,599.4888916015625
34,6,1158.8677978515625,173.43292236328125
34,7,1461.76806640625,235.77330017089844
34,8,444.5946044921875,848.29833984375
34,10,1033.359130859375,293.9058837890625
34,11,924.96044921875,448.1808166503906
34,9,1003.6625366210938,355.1365966796875
34,3,1329.1439208984375,226.00010681152344
35,1,1735.69189453125,526.4122314453125
35,2,688.0863037109375,560.26513671875
35,4,604.109375,220.01780700683594
35,5,1501.0614013671875,591.0379638671875
35,6,1159.354736328125,173.43161010742188
35,7,1458.6806640625,233.92881774902344
35,8,447.75604248046875,844.2892456054688
35,10,1039.174560546875,292.6965637207031
35,11,926.5042724609375,444.38714599609375
35,9,1014.1300048828125,352.1717529296875
35,3,1326.925048828125,226.13546752929688
36,1,1727.171630859375,515.2382202148438
36,2,686.03369140625,555.0284423828125
36,4,604.0875854492188,219.9698028564453
36,5,1506.6334228515625,582.41845703125
36,6,1159.953125,173.96487426757812
36,7,1456.36865234375,232.637451171875
36,8,453.2869873046875,840.5980834960938
36,10,1044.1947021484375,291.80615234375
36,11,927.141357421875,441.5455627441406
36,9,1022.705078125,344.48211669921875
36,3,1325.9185791015625,226.10308837890625
36,13,1300.917236328125,1047.4276123046875
37,1,1720.127685546875,505.30145263671875
37,2,684.1790771484375,549.69580078125
37,4,604.231689453125,219.87594604492188
37,5,1512.35009765625,572.345458984375
37,6,1160.424560546875,174.18893432617188
37,7,1453.8837890625,233.57313537597656
37,8,457.331787109375,836.41357421875
37,10,1050.973388671875,289.4360046386719
37,11,928.7716064453125,438.09136962890625
37,9,1031.1756591796875,340.2063903808594
37,3,1321.891357421875,226.28736877441406
37,13,1316.94970703125,1044.8155517578125
38,1,1713.44970703125,495.30926513671875
38,2,682.5242919921875,544.3643798828125
38,4,604.2282104492188,219.6903533935547
38,5,1518.33642578125,563.8477172851562
38,6,1160.361572265625,174.15415954589844
38,7,1450.649169921875,234.21829223632812
38,8,462.5726623535156,833.5321655273438
38,10,1058.58154296875,285.8216247558594
38,11,932.157470703125,432.283203125
38,9,1040.65380859375,338.779296875
38,3,1314.723388671875,225.8624267578125
38,13,1328.59912109375,1041.545654296875
39,1,1704.3876953125,486.03387451171875
39,2,681.406494140625,538.2462158203125
39,4,604.356689453125,219.5980224609375
39,5,1522.751708984375,553.0248413085938
39,6,1160.4449462890625,174.09390258789062
39,7,1445.957763671875,237.1242218017578
39,8,467.88262939453125,830.545654296875
39,10,1066.2747802734375,277.11346435546875
39,11,934.4067993164062,427.43963623046875
39,9,1048.9556884765625,337.49169921875
39,3,1308.660888671875,225.418701171875
39,13,1337.37890625,1039.6552734375
40,1,1696.65869140625,475.51373291015625
40,2,680.25830078125,531.941162109375
40,4,604.47607421875,219.4579315185547
40,5,1526.824462890625,544.3873291015625
40,6,1160.50341796875,174.43402099609375
40,7,1439.8009033203125,238.73944091796875
40,8,471.4161376953125,827.241455078125
40,10,1072.148681640625,272.7129821777344
40,11,937.1905517578125,423.7527160644531
40,9,1057.8720703125,339.82257080078125
40,3,1302.140625,223.71347045898438
40,13,1347.477294921875,1038.4835205078125
41,1,1690.962890625,465.59698486328125
41,2,679.8492431640625,526.2470092773438
41,4,604.5355834960938,219.4591522216797
41,5,1531.4923095703125,536.3773193359375
41,6,1160.8438720703125,174.66241455078125
41,7,1434.1541748046875,235.27133178710938
41,8,475.1125793457031,823.642822265625
41,10,1076.9332275390625,271.0899353027344
41,11,939.002685546875,420.1652526855469
41,9,1064.544921875,334.24432373046875
41,3,1296.57080078125,221.67649841308594
42,1,1673.216064453125,453.6663818359375
42,2,679.6949462890625,519.4850463867188
42,4,604.522216796875,219.3761749267578
42,5,1535.0322265625,525.8924560546875
42,6,1161.141357421875,174.8686981201172
42,7,1430.78564453125,230.66893005371094
42,8,479.4240417480469,820.09521484375
42,10,1085.6591796875,268.4236755371094
42,11,943.8870849609375,416.856689453125
42,9,1071.845703125,329.8965759277344
42,3,1289.880859375,217.82583618164062
42,13,1365.8038330078125,1031.6737060546875
43,1,1659.938720703125,443.2564392089844
43,2,679.8731079101562,513.5065307617188
43,4,604.6512451171875,219.46072387695312
43,5,1539.77490234375,518.0547485351562
43,6,1162.20458984375,175.11996459960938
43,7,1429.3997802734375,228.69772338867188
43,8,483.4546203613281,816.8937377929688
43,10,1090.315185546875,275.1968994140625
43,11,946.7052001953125,413.584716796875
43,9,1078.5361328125,325.51519775390625
43,3,1287.647216796875,216.5325164794922
43,13,1375.930908203125,1029.3961181640625
44,1,1651.699462890625,433.59857177734375
44,2,680.31103515625,508.18365478515625
44,4,604.6644287109375,219.56956481933594
44,5,1544.10546875,507.50323486328125
44,6,1162.81884765625,175.03768920898438
44,7,1428.4249267578125,227.56451416015625
44,8,490.26300048828125,814.494873046875
44,10,1094.1368408203125,273.3501892089844
44,11,948.447998046875,410.84906005859375
44,9,1094.91259765625,324.948486328125
44,3,1284.8016357421875,215.32232666015625
44,13,1385.639404296875,1025.794921875
45,1,1644.58740234375,424.64410400390625
45,2,681.6036987304688,502.85162353515625
45,4,604.8096313476562,219.6370849609375
45,5,1546.37744140625,498.15911865234375
45,6,1163.5537109375,174.90081787109375
45,7,1427.4805908203125,227.23809814453125
45,8,494.3844909667969,811.825927734375
45,11,950.0235595703125,406.3470458984375
45,9,1107.68896484375,323.49481201171875
45,3,1280.3912353515625,213.33963012695312
45,13,1397.242431640625,1023.335205078125
46,1,1639.068359375,416.21221923828125
46,2,683.3806762695312,498.0976257324219
46,4,604.8763427734375,219.67115783691406
46,5,1548.1234130859375,490.0
46,6,1163.641357421875,174.48876953125
46,7,1425.5419921875,226.8717041015625
46,8,497.3346862792969,808.8126220703125
46,11,951.6305541992188,402.9844970703125
46,9,1120.540283203125,320.0411376953125
46,3,1274.94775390625,212.80126953125
46,13,1429.6898193359375,1021.8998413085938
47,1,1633.435546875,409.201171875
47,2,685.1180419921875,491.6205749511719
47,4,604.9864501953125,219.8237762451172
47,5,1549.2515869140625,480.37188720703125
47,6,1162.958740234375,174.26632690429688
47,7,1423.414306640625,227.0523223876953
47,8,502.3256530761719,805.7957763671875
47,11,952.8963623046875,399.0207824707031
47,9,1132.9659423828125,316.99945068359375
47,3,1268.25537109375,211.70745849609375
47,13,1445.9749755859375,1018.531494140625
47,10,1083.4053955078125,271.24993896484375
48,1,1628.528564453125,401.38507080078125
48,2,687.14013671875,486.0344543457031
48,4,605.1060791015625,219.86325073242188
48,5,1550.89892578125,470.933837890625
48,6,1161.8134765625,174.1039276123047
48,7,1420.34521484375,227.15994262695312
48,8,505.9731750488281,801.9346923828125
48,11,954.6588134765625,395.50384521484375
48,9,1129.209716796875,314.549072265625
48,3,1261.13330078125,211.2623291015625
48,13,1462.818359375,1016.8541870117188
48,10,1083.052734375,270.9103698730469
49,1,1623.388427734375,391.5541076660156
49,2,688.6754150390625,481.6273193359375
49,4,605.1065063476562,219.91102600097656
49,5,1550.6240234375,463.06585693359375
49,6,1161.2662353515625,174.37271118164062
49,7,1417.7347412109375,227.2830810546875
49,8,511.1565246582031,798.3553466796875
49,11,958.4380493164062,393.13262939453125
49,9,1154.17919921875,310.880859375
49,3,1254.995361328125,211.417236328125
49,13,1476.9827880859375,1013.9669189453125
49,10,1084.973388671875,270.1332092285156
50,1,1617.00244140625,383.54412841796875
50,2,690.7447509765625,476.96728515625
50,4,605.18017578125,219.8681182861328
50,5,1548.9193115234375,453.4491271972656
50,6,1161.017333984375,174.26889038085938
50,7,1415.35693359375,227.212890625
50,8,515.92724609375,794.853515625
50,11,963.91357421875,389.44287109375
50,9,1167.5325927734375,307.9646911621094
50,3,1235.0218505859375,212.44215393066406
50,13,1497.9482421875,1011.57666015625
50,10,1090.143798828125,268.9024353027344
51,1,1611.4544677734375,374.407470703125
51,2,693.5970458984375,471.9737854003906
51,4,605.3106689453125,219.8079071044922
51,5,1549.597412109375,443.8614196777344
51,6,1161.46826171875,174.4253387451172
51,7,1412.8818359375,228.48394775390625
51,8,518.988037109375,791.855224609375
51,11,968.141845703125,385.51458740234375
51,9,1180.572998046875,304.924560546875
51,3,1236.2855224609375,213.45736694335938
51,13,1509.21240234375,1007.0816650390625
51,10,1094.813720703125,266.16064453125
52,1,1604.3907470703125,366.3824462890625
52,2,697.87109375,464.60797119140625
52,4,605.3111572265625,219.63302612304688
52,5,1547.082763671875,436.596435546875
52,6,1164.09130859375,174.6842041015625
52,7,1410.817626953125,228.8377685546875
52,8,522.912353515625,789.65673828125
52,11,969.2701416015625,380.50372314453125
52,9,1190.685302734375,303.04083251953125
52,3,1219.712646484375,215.017822265625
52,13,1519.185302734375,1004.222412109375
52,10,1101.054443359375,264.8401184082031
53,1,1600.160400390625,356.52947998046875
53,2,700.0618286132812,460.0040588378906
53,4,605.389892578125,219.4542236328125
53,5,1542.278076171875,427.9790954589844
53,6,1163.8792724609375,175.02774047851562
53,7,1410.0506591796875,228.71725463867188
53,8,527.2152099609375,786.560546875
53,11,970.6863403320312,377.48260498046875
53,9,1198.823486328125,300.4537048339844
53,3,1209.596435546875,215.7882080078125
53,13,1526.8607177734375,1002.7423095703125
53,10,1107.543212890625,262.76708984375
54,1,1595.45556640625,346.52032470703125
54,2,702.8202514648438,456.4420166015625
54,4,605.5826416015625,219.3382110595703
54,5,1546.20556640625,419.19390869140625
54,6,1164.780517578125,174.61795043945312
54,7,1408.883056640625,226.62132263183594
54,8,530.1019897460938,783.3668212890625
54,11,972.89208984375,374.44976806640625
54,9,1209.02685546875,298.87298583984375
54,3,1201.1290283203125,213.33131408691406
54,13,1532.71240234375,999.0489501953125
54,10,1111.53564453125,259.0755615234375
55,1,1590.9725341796875,337.9476318359375
55,2,705.965576171875,450.21026611328125
55,4,605.5978393554688,219.3113250732422
55,5,1538.9180908203125,412.9676513671875
55,6,1161.7989501953125,173.84812927246094
55,7,1407.946533203125,225.82814025878906
55,8,534.2314453125,780.975830078125
55,11,976.4091796875,371.67791748046875
55,9,1217.0958251953125,298.0491943359375
55,3,1193.223876953125,214.41970825195312
55,13,1539.4537353515625,993.947509765625
55,10,1115.727294921875,256.4927062988281
56,1,1588.08203125,327.5537109375
56,2,708.7465209960938,444.54144287109375
56,4,605.6489868164062,219.17840576171875
56,5,1546.8355712890625,405.9031982421875
56,6,1166.3541259765625,174.05715942382812
56,7,1407.066162109375,224.56887817382812
56,8,539.1060180664062,777.8914794921875
56,11,978.9736938476562,369.1101989746094
56,9,1223.170166015625,297.0487060546875
56,3,1198.962646484375,204.51956176757812
56,13,1545.327880859375,991.1975708007812
56,10,1118.564208984375,254.8499298095703
57,1,1586.50537109375,319.41790771484375
57,2,711.5760498046875,440.6097412109375
57,4,605.7733154296875,219.27255249023438
57,5,1536.0216064453125,398.90673828125
57,6,1167.1251220703125,173.41407775878906
57,7,1410.456298828125,233.22540283203125
57,8,542.6448974609375,774.1712646484375
57,11,980.2974243164062,366.0213623046875
57,9,1230.53466796875,296.11334228515625
57,3,1184.199462890625,215.73880004882812
57,13,1550.979736328125,988.7890014648438
57,10,1121.490234375,253.49786376953125
58,1,1585.435546875,310.83258056640625
58,2,714.63232421875,435.02166748046875
58,4,605.90966796875,219.2207489013672
58,5,1545.1953125,390.89825439453125
58,6,1163.2156982421875,162.6641845703125
58,7,1414.537109375,230.55389404296875
58,8,546.9354248046875,770.730224609375
58,11,984.286376953125,362.9031982421875
58,9,1237.291748046875,293.2525939941406
58,3,1175.029052734375,220.17587280273438
58,13,1553.33935546875,984.9136962890625
58,10,1123.792236328125,252.35916137695312
59,1,1583.462646484375,302.79644775390625
59,2,717.9071655273438,428.582275390625
59,4,606.14892578125,219.18492126464844
59,5,1549.173583984375,383.9085693359375
59,6,1166.730224609375,163.76007080078125
59,7,1419.710693359375,225.37930297851562
59,8,551.3729248046875,768.18212890625
59,11,988.074951171875,358.5955810546875
59,9,1242.698486328125,291.94439697265625
59,3,1167.555908203125,220.577880859375
59,13,1560.413818359375,980.2154541015625
59,10,1126.4560546875,251.40496826171875
60,1,1581.63916015625,296.4638977050781
60,2,722.6531372070312,422.46441650390625
60,4,606.2859497070312,219.31739807128906
60,5,1549.3770751953125,377.5454406738281
60,6,1169.3748779296875,165.3328399658203
60,7,1422.980712890625,219.56549072265625
60,8,555.159423828125,764.957275390625
60,11,990.4918212890625,354.7111511230469
60,9,1249.177001953125,290.2811584472656
60,3,1162.1822509765625,218.06881713867188
60,13,1564.654052734375,973.245849609375
60,10,1128.423583984375,250.53353881835938
61,1,1580.19384765625,288.19866943359375
61,2,727.0877685546875,417.38238525390625
61,4,606.471923828125,219.3040313720703
61,5,1549.097412109375,370.3297119140625
61,6,1170.3338623046875,166.58938598632812
61,7,1425.61669921875,215.63275146484375
61,8,559.705322265625,761.9098510742188
61,11,992.7457885742188,351.31939697265625
61,9,1254.209228515625,288.34564208984375
61,3,1160.9368896484375,217.897705078125
61,13,1569.173095703125,966.423583984375
61,10,1130.2138671875,247.7408447265625
62,1,1578.3072509765625,281.46612548828125
62,2,730.1261596679688,411.259765625
62,4,606.5585327148438,219.35952758789062
62,5,1548.459716796875,364.21038818359375
62,6,1169.6905517578125,166.9500732421875
62,7,1425.893798828125,211.59483337402344
62,8,562.953125,759.102294921875
62,11,995.073486328125,348.59112548828125
62,9,1257.9976806640625,286.2280578613281
62,13,1571.491943359375,959.2069091796875
62,10,1133.6781005859375,242.91795349121094
63,1,1575.544189453125,274.6605224609375
63,2,734.0194091796875,405.4217529296875
63,4,606.6053466796875,219.23333740234375
63,5,1547.39990234375,358.19342041015625
63,6,1168.32177734375,168.30929565429688
63,7,1425.7978515625,208.63571166992188
63,8,566.4136352539062,756.5662841796875
63,11,998.0009765625,345.87188720703125
63,9,1262.47998046875,284.5165100097656
63,13,1576.904296875,953.01904296875
63,10,1147.6064453125,232.52392578125
64,1,1572.8905029296875,267.22076416015625
64,2,738.1348266601562,400.06787109375
64,4,606.73583984375,219.22854614257812
64,5,1545.818359375,350.965576171875
64,6,1167.982177734375,172.02392578125
64,7,1425.6318359375,206.38235473632812
64,8,570.030029296875,753.72216796875
64,11,1000.0484619140625,343.1832275390625
64,9,1266.438232421875,282.92572021484375
64,13,1580.61669921875,944.9747314453125
64,10,1141.4039306640625,240.21572875976562
65,1,1569.424072265625,259.7563781738281
65,2,743.23681640625,395.4453125
65,4,606.72021484375,219.2432861328125
65,5,1521.661376953125,344.36981201171875
65,6,1168.073974609375,173.79856872558594
65,7,1423.33544921875,203.6859130859375
65,8,572.850830078125,749.9471435546875
65,11,1002.1897583007812,340.301513671875
65,9,1271.877197265625,280.42889404296875
65,13,1584.436279296875,937.824951171875
65,10,1137.716796875,243.17919921875
66,1,1567.1649169921875,253.27980041503906
66,2,749.5878295898438,391.5032958984375
66,4,606.7784423828125,219.30218505859375
66,5,1513.242431640625,338.43353271484375
66,6,1169.88916015625,174.0050506591797
66,7,1420.065185546875,201.4710235595703
66,8,576.685791015625,746.9954833984375
66,11,1004.1942138671875,336.824462890625
66,9,1277.3067626953125,277.614013671875
66,13,1586.731689453125,929.030517578125
66,10,1144.75,231.72132873535156
67,1,1564.507080078125,247.80462646484375
67,2,754.171630859375,385.82763671875
67,4,606.76513671875,219.20144653320312
67,5,1509.830322265625,332.91766357421875
67,6,1170.921142578125,173.64710998535156
67,7,1415.43701171875,199.87042236328125
67,8,580.8202514648438,743.7362060546875
67,11,1007.779541015625,333.5094909667969
67,9,1282.243896484375,274.8883056640625
67,13,1589.8408203125,921.1849365234375
67,10,1137.83837890625,239.6663818359375
68,1,1561.367431640625,239.6988525390625
68,2,759.5089111328125,380.9991455078125
68,4,606.8451538085938,219.24574279785156
68,5,1527.05078125,326.6929626464844
68,6,1171.421630859375,173.86328125
68,7,1410.935302734375,198.17486572265625
68,8,582.772216796875,740.9833984375
68,11,1008.9251098632812,331.0843505859375
68,9,1288.73583984375,272.80609130859375
68,13,1592.449951171875,914.138916015625
68,10,1133.350830078125,241.60723876953125
68,3,1106.810302734375,216.93844604492188
69,1,1557.71630859375,233.9716796875
69,2,763.553466796875,376.0516357421875
69,4,606.92724609375,219.33905029296875
69,5,1533.197998046875,320.47442626953125
69,6,1171.2767333984375,173.5177001953125
69,7,1406.4683837890625,196.637939453125
69,8,586.1676025390625,737.6571044921875
69,11,1009.8709716796875,327.5142822265625
69,9,1295.299072265625,270.76226806640625
69,13,1591.633056640625,905.90576171875
69,10,1134.4375,237.49562072753906
69,3,1098.4859619140625,219.2977294921875
70,1,1555.806640625,227.91021728515625
70,2,769.7728271484375,371.4953308105469
70,4,606.9691162109375,219.3365478515625
70,5,1512.33154296875,315.8855895996094
70,6,1171.37451171875,172.46429443359375
70,7,1404.07373046875,194.98016357421875
70,8,590.719970703125,734.5313720703125
70,11,1011.718994140625,324.57110595703125
70,9,1303.796630859375,267.3822937011719
70,13,1591.375,896.0316162109375
70,10,1135.0406494140625,235.81533813476562
70,3,1093.326904296875,219.93309020996094
71,1,1535.779541015625,221.88389587402344
71,2,776.1982421875,366.322998046875
71,4,607.181396484375,219.41622924804688
71,5,1521.8482666015625,310.5191955566406
71,6,1171.1947021484375,171.94674682617188
71,7,1403.220458984375,193.92694091796875
71,8,592.5889892578125,732.2706909179688
71,11,1013.7957763671875,322.21533203125
71,9,1311.4755859375,264.1849060058594
71,13,1593.7496337890625,890.408935546875
71,10,1132.76416015625,235.87420654296875
71,3,1087.90380859375,221.48690795898438
72,1,1542.4151611328125,216.716552734375
72,2,780.5552978515625,360.8256530761719
72,4,607.2304077148438,219.35369873046875
72,5,1507.6248779296875,306.02197265625
72,6,1170.664794921875,171.53955078125
72,7,1403.845703125,192.47459411621094
72,8,596.69287109375,729.4940185546875
72,11,1015.0213623046875,319.213623046875
72,9,1317.966064453125,260.8713684082031
72,13,1597.513916015625,884.2664794921875
72,10,1129.85986328125,234.86477661132812
72,3,1077.9534912109375,222.82937622070312
73,1,1540.56787109375,209.8714599609375
73,2,786.1368408203125,356.50994873046875
73,4,607.3663330078125,219.08261108398438
73,5,1502.70849609375,298.55023193359375
73,6,1170.2015380859375,171.16896057128906
73,7,1405.5521240234375,189.6570587158203
73,8,600.5337524414062,725.723388671875
73,11,1015.244140625,316.2406005859375
73,9,1326.174072265625,257.16973876953125
73,13,1599.242919921875,875.094482421875
73,10,1127.73974609375,234.53965759277344
73,3,1071.1339111328125,223.8612060546875
74,1,1542.1474609375,204.12384033203125
74,2,791.2562255859375,351.9371032714844
74,4,607.322509765625,218.9898681640625
74,5,1499.504150390625,293.6376953125
74,6,1169.889404296875,171.35769653320312
74,7,1407.648681640625,186.43885803222656
74,8,603.0372314453125,722.652099609375
74,11,1015.1826782226562,313.23297119140625
74,9,1333.131103515625,253.2288818359375
74,13,1601.7247314453125,868.6781005859375
74,10,1124.5693359375,234.344970703125
74,3,1068.31298828125,225.206787109375
75,1,1540.2470703125,198.66806030273438
75,2,797.38232421875,347.53472900390625
75,4,607.3308715820312,219.059814453125
75,5,1497.547119140625,288.3260498046875
75,6,1168.57080078125,171.412353515625
75,7,1408.6318359375,183.08937072753906
75,8,605.6276245117188,719.7017822265625
75,11,1017.0538330078125,310.948486328125
75,9,1339.94189453125,249.82797241210938
75,13,1602.801513671875,863.1515502929688
75,10,1121.8984375,234.29385375976562
75,3,1064.626953125,226.78123474121094
76,1,1522.693603515625,191.8489990234375
76,2,802.9789428710938,342.3805236816406
76,4,607.4027099609375,219.05938720703125
76,5,1495.2841796875,284.2883605957031
76,6,1167.0611572265625,171.0277099609375
76,7,1409.4013671875,179.79318237304688
76,8,608.276123046875,716.7899780273438
76,11,1018.2733764648438,308.27288818359375
76,9,1346.114990234375,246.09291076660156
76,13,1602.7030029296875,856.31982421875
76,10,1119.355712890625,234.43182373046875
76,3,1062.87890625,227.56222534179688
77,1,1528.66015625,186.86297607421875
77,2,809.3271484375,338.5926513671875
77,4,607.437744140625,219.15687561035156
77,5,1509.90771484375,278.4183044433594
77,6,1166.095947265625,170.66531372070312
77,7,1410.24853515625,176.3199462890625
77,8,611.7293701171875,712.490966796875
77,11,1020.7333374023438,303.83758544921875
77,9,1351.054443359375,242.731201171875
77,13,1603.7337646484375,847.360595703125
77,10,1116.489990234375,233.87608337402344
77,3,1060.3502197265625,228.76560974121094
78,1,1516.9180908203125,180.34605407714844
78,2,813.6104736328125,333.5639953613281
78,4,607.44384765625,219.20736694335938
78,5,1515.380126953125,272.918212890625
78,6,1164.9765625,169.93380737304688
78,7,1410.716064453125,174.32009887695312
78,8,613.98828125,709.4048461914062
78,11,1020.9511108398438,301.2569580078125
78,9,1356.7518310546875,237.93177795410156
78,13,1603.806640625,842.09521484375
78,10,1114.0899658203125,233.59228515625
78,3,1056.3956298828125,230.48379516601562
79,1,1519.1175537109375,176.25335693359375
79,2,819.82568359375,328.9953918457031
79,4,607.4419555664062,219.179443359375
79,5,1515.16162109375,268.5765075683594
79,6,1162.83154296875,168.69664001464844
79,7,1409.093017578125,172.55352783203125
79,8,616.8807373046875,706.9105224609375
79,11,1021.3016357421875,298.43890380859375
79,9,1360.9901123046875,233.74642944335938
79,13,1604.10009765625,836.5435791015625
79,10,1113.720947265625,233.33596801757812
79,3,1052.10302734375,231.67428588867188
80,1,1520.744384765625,172.08145141601562
80,2,824.6466064453125,325.43878173828125
80,4,607.494140625,219.19053649902344
80,5,1512.05908203125,265.3824157714844
80,6,1163.35400390625,166.835205078125
80,7,1415.193115234375,170.00717163085938
80,8,619.924072265625,703.2149047851562
80,11,1021.5692138671875,295.4961242675781
80,9,1365.172119140625,229.72674560546875
80,13,1604.25146484375,829.0167236328125
80,10,1113.227294921875,232.81988525390625
80,3,1046.6710205078125,233.60739135742188
81,1,1513.5546875,166.92979431152344
81,2,829.5257568359375,320.49285888671875
81,4,607.4985961914062,219.25579833984375
81,5,1508.80908203125,260.8848876953125
81,6,1164.1607666015625,164.98776245117188
81,7,1419.5892333984375,167.62049865722656
81,8,622.1964111328125,700.2650146484375
81,11,1022.2222900390625,294.4769287109375
81,9,1369.777099609375,225.58914184570312
81,13,1604.840087890625,822.1038818359375
81,10,1112.275390625,232.10150146484375
81,3,1050.0030517578125,233.1974639892578
82,1,1513.733154296875,161.94984436035156
82,2,835.4544677734375,316.63397216796875
82,4,607.444580078125,219.20797729492188
82,5,1505.09228515625,256.6485900878906
82,6,1164.6134033203125,165.3658905029297
82,7,1422.685302734375,166.14666748046875
82,8,624.63427734375,697.31298828125
82,11,1022.9842529296875,292.6834716796875
82,9,1371.6748046875,222.23272705078125
82,13,1604.5008544921875,816.9813842773438
82,10,1102.834716796875,230.43258666992188
82,3,1045.083251953125,233.30068969726562
83,1,1513.1416015625,157.49588012695312
83,2,838.7936401367188,312.4554443359375
83,4,607.4697265625,219.34632873535156
83,5,1501.303955078125,252.445068359375
83,6,1164.10400390625,166.1922149658203
83,7,1426.431884765625,164.7360382080078
83,8,628.1283569335938,694.2073974609375
83,11,1024.197509765625,291.6121520996094
83,9,1373.549560546875,217.0170135498047
83,13,1603.448974609375,812.7821044921875
83,10,1095.1640625,229.25717163085938
83,3,1041.927001953125,231.03750610351562
84,1,1509.6168212890625,153.31777954101562
84,2,844.099365234375,308.1802978515625
84,4,607.481201171875,219.30809020996094
84,5,1480.3681640625,248.3412628173828
84,6,1159.7786865234375,166.9152069091797
84,7,1430.13232421875,162.6578826904297
84,8,630.8573608398438,690.6299438476562
84,11,1025.1376953125,287.626953125
84,9,1375.83154296875,212.407470703125
84,13,1601.6484375,807.9155883789062
84,10,1102.6839599609375,229.34024047851562
84,3,1039.537353515625,228.8772430419922
85,1,1504.824462890625,148.44935607910156
85,2,848.0836181640625,303.8668212890625
85,4,607.6135864257812,219.31158447265625
85,5,1484.93115234375,245.41323852539062
85,6,1159.101318359375,167.49691772460938
85,7,1434.1806640625,161.22024536132812
85,8,633.1668090820312,687.4100341796875
85,11,1025.935791015625,284.35003662109375
85,9,1378.5057373046875,208.77456665039062
85,13,1598.10791015625,803.1005859375
85,10,1095.528076171875,227.61170959472656
86,1,1499.70263671875,144.0360870361328
86,2,851.3012084960938,299.86993408203125
86,4,607.68408203125,219.31602478027344
86,5,1483.0322265625,242.28273010253906
86,6,1156.823974609375,166.30355834960938
86,7,1426.8431396484375,161.27972412109375
86,8,635.1011962890625,682.96875
86,11,1025.82568359375,268.47991943359375
86,9,1379.8427734375,204.25299072265625
86,13,1597.1678466796875,796.9488525390625
86,10,1093.0205078125,226.16204833984375
87,1,1494.013427734375,139.1578369140625
87,2,854.9974365234375,296.76239013671875
87,4,607.6607666015625,219.46917724609375
87,5,1460.3900146484375,237.39796447753906
87,7,1424.9107666015625,160.20095825195312
87,8,637.10009765625,680.2521362304688
87,11,1026.7091064453125,260.79443359375
87,9,1380.828369140625,200.7442626953125
87,13,1595.6953125,792.776123046875
87,10,1101.826416015625,224.6881103515625
88,1,1486.478271484375,136.13128662109375
88,2,858.1710205078125,292.8196105957031
88,4,607.5621337890625,219.54824829101562
88,5,1449.097412109375,234.23597717285156
88,7,1424.998046875,157.14271545410156
88,8,638.347412109375,677.7236938476562
88,11,1026.882080078125,260.12957763671875
88,9,1381.4906005859375,198.7194061279297
88,13,1592.389404296875,790.16015625
88,10,1104.3135986328125,223.70074462890625
89,1,1478.731689453125,133.65940856933594
89,2,860.798095703125,289.1352233886719
89,4,607.5098876953125,219.629638671875
89,5,1440.136474609375,233.56048583984375
89,7,1425.721435546875,155.13031005859375
89,8,639.405517578125,674.550537109375
89,11,1029.7789306640625,268.06768798828125
89,9,1381.882568359375,194.6328887939453
89,13,1588.722412109375,787.430419921875
89,10,1102.00341796875,220.2384796142578
89,3,1012.037109375,231.72537231445312
90,1,1472.459716796875,129.8443603515625
90,2,863.670654296875,285.887451171875
90,4,607.549072265625,219.80482482910156
90,5,1432.642578125,231.257080078125
90,7,1426.8271484375,152.70677185058594
90,8,639.9660034179688,671.9212646484375
90,11,1031.046630859375,270.716796875
90,9,1382.0194091796875,189.3349609375
90,13,1585.0576171875,783.985107421875
90,10,1109.8994140625,217.78367614746094
90,3,1005.1634521484375,232.28143310546875
91,1,1465.660888671875,126.58555603027344
91,2,867.2269897460938,282.989501953125
91,4,607.5606079101562,219.91259765625
91,5,1423.314453125,229.45143127441406
91,7,1426.358642578125,147.64935302734375
91,8,639.966064453125,669.3056030273438
91,11,1032.0264892578125,270.17706298828125
91,9,1382.8946533203125,185.59521484375
91,13,1581.649169921875,776.087890625
91,10,1114.195556640625,217.12120056152344
91,3,1000.46142578125,232.79725646972656
92,1,1459.2861328125,123.91653442382812
92,2,868.9756469726562,280.0738525390625
92,4,607.6129760742188,220.11288452148438
92,5,1415.823486328125,227.06185913085938
92,7,1425.193359375,144.2886962890625
92,8,639.6222534179688,665.5914306640625
92,11,1033.3248291015625,265.9326477050781
92,9,1382.161376953125,184.27963256835938
92,13,1576.50390625,770.1614379882812
92,10,1115.47900390625,215.12762451171875
92,3,992.18798828125,233.84396362304688
93,1,1450.9884033203125,119.98472595214844
93,2,870.180419921875,275.36383056640625
93,4,607.6149291992188,220.17022705078125
93,5,1407.85595703125,225.43353271484375
93,7,1423.44873046875,139.1378631591797
93,8,639.3359375,662.566162109375
93,11,1026.9869384765625,264.5968933105469
93,9,1381.1556396484375,182.214599609375
93,13,1572.005126953125,766.99560546875
93,10,1113.1630859375,212.77716064453125
93,3,988.302490234375,234.7547149658203
94,1,1443.695068359375,114.86563110351562
94,2,871.9210205078125,268.6866760253906
94,4,607.6500244140625,220.19717407226562
94,5,1399.979736328125,222.5843505859375
94,8,638.4677734375,660.3917846679688
94,11,1023.5953979492188,262.55401611328125
94,9,1378.689453125,180.3284912109375
94,13,1567.837890625,763.8524169921875
94,10,1114.09326171875,211.34335327148438
94,3,984.8461303710938,235.538818359375
95,2,872.6439208984375,264.29876708984375
95,4,607.6696166992188,220.3741455078125
95,5,1391.80810546875,225.55715942382812
95,8,637.2717895507812,658.9425659179688
95,11,1020.9454345703125,260.64398193359375
95,9,1375.04052734375,176.22390747070312
95,13,1561.928466796875,759.0272216796875
95,10,1113.55126953125,210.34854125976562
95,3,982.3851318359375,235.6168212890625
95,7,1429.9375,138.45535278320312
96,2,872.9557495117188,261.0867614746094
96,4,607.6951904296875,220.28665161132812
96,5,1385.2476806640625,227.14024353027344
96,8,635.9141235351562,657.3955078125
96,11,1019.9642333984375,257.598876953125
96,9,1369.470947265625,173.35000610351562
96,13,1555.55029296875,751.3917846679688
96,10,1107.891845703125,198.51995849609375
96,3,979.8020629882812,238.62754821777344
96,7,1431.584228515625,139.62591552734375
96,1,1417.46533203125,109.61871337890625
97,2,873.0345458984375,258.1579284667969
97,4,607.83837890625,220.29510498046875
97,5,1377.1376953125,227.9363555908203
97,8,634.547119140625,655.490234375
97,11,1018.3594970703125,255.36575317382812
97,9,1364.661376953125,170.26943969726562
97,13,1549.512451171875,747.4082641601562
97,10,1104.8204345703125,196.80596923828125
97,3,976.9310302734375,239.86349487304688
97,7,1431.809326171875,134.5799560546875
97,1,1399.25927734375,109.11943054199219
98,2,872.8428955078125,255.08148193359375
98,4,607.9105834960938,220.2703399658203
98,5,1368.257080078125,227.1351318359375
98,8,632.031005859375,654.1281127929688
98,11,1016.1639404296875,253.64407348632812
98,9,1359.258544921875,169.32278442382812
98,13,1544.3531494140625,747.617431640625
98,10,1101.2442626953125,194.0584716796875
98,3,975.8927612304688,241.37930297851562
98,7,1431.822021484375,131.7741241455078
98,1,1392.352783203125,109.41259765625
99,2,872.2520751953125,252.0106201171875
99,4,607.9598388671875,220.25962829589844
99,5,1360.5865478515625,226.26947021484375
99,8,627.2260131835938,652.046630859375
99,11,1014.8236083984375,252.1019287109375
99,9,1355.4085693359375,169.08856201171875
99,13,1537.1910400390625,743.3408813476562
99,10,1099.3458251953125,194.79989624023438
99,3,974.6649780273438,240.45321655273438
99,7,1431.92578125,129.90679931640625
99,1,1385.519775390625,106.84184265136719
100,2,872.0652465820312,247.74502563476562
100,4,608.0469360351562,220.2587890625
100,5,1367.869140625,220.3429412841797
100,8,621.8102416992188,649.9996337890625
100,11,1013.885986328125,251.49227905273438
100,9,1350.588623046875,166.5479736328125
100,13,1530.34814453125,741.78515625
100,10,1097.1390380859375,198.58462524414062
100,3,972.86767578125,240.18649291992188
100,7,1431.83935546875,128.52935791015625
100,1,1379.1966552734375,106.81061553955078
101,2,871.3919067382812,243.273681640625
101,4,608.0860595703125,220.18072509765625
101,5,1345.95263671875,222.2118682861328
101,8,616.37158203125,648.3001708984375
101,11,1011.6895751953125,249.80384826660156
101,9,1353.0869140625,164.19358825683594
101,13,1523.279052734375,739.7792358398438
101,10,1094.225830078125,200.788330078125
101,3,971.3040771484375,239.04962158203125
101,7,1431.9892578125,126.78244018554688
101,1,1374.983154296875,106.3811264038086
102,2,870.9925537109375,239.65621948242188
102,4,608.0804443359375,220.15634155273438
102,5,1335.806640625,224.32009887695312
102,8,610.3079223632812,646.991943359375
102,11,1009.886474609375,247.6959991455078
102,9,1351.86962890625,162.1787109375
102,13,1516.462158203125,737.8443603515625
102,10,1090.927001953125,201.63461303710938
102,3,970.165771484375,241.32464599609375
102,7,1431.0306396484375,124.79776000976562
102,1,1368.222412109375,104.87046813964844
103,2,871.1334228515625,236.3134765625
103,4,608.05078125,220.0295867919922
103,5,1327.8349609375,227.2615203857422
103,8,604.1448974609375,645.046142578125
103,11,1007.7083740234375,244.96810913085938
103,9,1348.0142822265625,162.7769775390625
103,13,1507.344482421875,735.342529296875
103,10,1089.44677734375,202.00990295410156
103,3,958.9700927734375,242.30813598632812
103,7,1430.3709716796875,121.17623901367188
103,1,1361.1064453125,103.0588607788086
104,2,869.56396484375,232.95648193359375
104,4,608.0451049804688,219.8274688720703
104,5,1318.3985595703125,224.74041748046875
104,8,597.6858520507812,642.1451416015625
104,11,1006.1416015625,243.17254638671875
104,9,1344.4090576171875,160.44908142089844
104,13,1499.1617431640625,731.89794921875
104,10,1087.5413818359375,201.68003845214844
104,3,962.71142578125,241.957275390625
104,7,1429.076904296875,120.17376708984375
104,1,1352.507080078125,100.86795806884766
105,2,867.4147338867188,231.03970336914062
105,4,608.048095703125,219.90838623046875
105,5,1308.707763671875,225.75796508789062
105,8,591.4188842773438,640.6499633789062
105,11,1002.151123046875,242.38339233398438
105,9,1340.281005859375,154.22671508789062
105,13,1490.853759765625,729.877685546875
105,10,1083.259521484375,201.45611572265625
105,3,963.995361328125,238.85549926757812
105,7,1427.29150390625,118.78968048095703
105,1,1343.817138671875,98.72203063964844
106,2,866.1815185546875,226.95559692382812
106,4,608.1844482421875,219.85887145996094
106,5,1301.8035888671875,225.600341796875
106,8,587.0657958984375,638.953125
106,11,998.6039428710938,242.04885864257812
106,9,1335.2509765625,150.75332641601562
106,13,1481.49658203125,727.0406494140625
106,10,1079.97509765625,202.77786254882812
106,3,961.71484375,236.2672119140625
106,7,1423.87255859375,117.22978973388672
106,1,1333.797607421875,96.43096923828125
107,2,866.1452026367188,223.9066162109375
107,4,608.1304321289062,219.72438049316406
107,5,1295.0211181640625,225.2699737548828
107,8,577.5966796875,636.9458618164062
107,11,995.4918823242188,241.27633666992188
107,9,1330.3521728515625,149.41444396972656
107,13,1472.9246826171875,725.8016967773438
107,10,1075.806640625,201.34266662597656
107,7,1421.397216796875,115.89098358154297
107,1,1324.510498046875,94.00796508789062
108,2,865.5394287109375,220.44525146484375
108,4,608.12255859375,219.7327423095703
108,5,1285.686279296875,224.55923461914062
108,8,583.849609375,635.5528564453125
108,11,992.17724609375,240.41632080078125
108,9,1326.802978515625,149.20449829101562
108,13,1464.01904296875,724.515625
108,10,1070.3311767578125,200.083984375
108,7,1418.679443359375,113.92545318603516
108,1,1310.56884765625,93.10858917236328
109,2,865.27880859375,217.97943115234375
109,4,607.8260498046875,219.70199584960938
109,5,1277.5093994140625,223.93756103515625
109,8,586.59326171875,634.0277099609375
109,11,988.7069091796875,240.22378540039062
109,9,1320.71240234375,148.44850158691406
109,13,1455.46484375,723.8987426757812
109,10,1063.7838134765625,199.07203674316406
109,7,1414.6646728515625,111.68048858642578
109,1,1297.7197265625,91.28846740722656
110,2,867.02587890625,215.34320068359375
110,4,607.6090087890625,219.84799194335938
110,5,1268.6097412109375,223.58201599121094
110,8,586.5069580078125,633.0865478515625
110,11,983.9935302734375,239.7737579345703
110,9,1316.43798828125,147.43768310546875
110,13,1443.17333984375,723.0638427734375
110,10,1057.6226806640625,199.127197265625
110,7,1410.43017578125,109.90869140625
110,1,1287.3953857421875,91.96412658691406
110,6,1081.402587890625,173.38636779785156
111,2,875.8587646484375,212.4146728515625
111,4,607.6463012695312,220.34600830078125
111,5,1269.955810546875,223.77102661132812
111,8,584.7418212890625,632.169921875
111,11,962.57080078125,239.45611572265625
111,9,1313.406494140625,145.38514709472656
111,13,1435.7801513671875,721.120361328125
111,10,1053.6029052734375,202.39187622070312
111,7,1406.249755859375,109.29957580566406
111,1,1280.8271484375,90.97492980957031
111,6,1079.124755859375,173.10879516601562
112,2,870.517578125,208.26934814453125
112,4,607.9691162109375,220.7966766357422
112,5,1252.774658203125,225.1514892578125
112,8,582.1774291992188,631.4421997070312
112,11,968.3651123046875,239.2879638671875
112,9,1306.7901611328125,143.27261352539062
112,13,1427.61328125,719.9085693359375
112,10,1047.80078125,203.86550903320312
112,7,1401.7392578125,108.28608703613281
112,1,1271.5413818359375,91.44264221191406
112,6,1077.7841796875,170.86209106445312
113,2,870.4266357421875,203.79214477539062
113,4,608.1961669921875,220.9144744873047
113,5,1242.3497314453125,226.36782836914062
113,8,577.687255859375,630.631103515625
113,11,970.8021850585938,239.13861083984375
113,9,1300.77978515625,142.29656982421875
113,13,1416.73974609375,718.6649169921875
113,10,1050.4730224609375,203.0517120361328
113,7,1396.1448974609375,107.41607666015625
113,1,1267.47509765625,91.27734375
113,6,1077.1328125,169.29302978515625
114,2,872.6224365234375,199.65814208984375
114,4,608.2902221679688,220.8001708984375
114,5,1231.8311767578125,227.32937622070312
114,8,571.9026489257812,630.5960693359375
114,11,970.3014526367188,238.83935546875
114,9,1296.1502685546875,141.46072387695312
114,13,1409.4033203125,716.6708984375
114,10,1043.863525390625,202.91702270507812
114,7,1391.73583984375,107.66343688964844
114,1,1255.66455078125,90.72547912597656
114,6,1074.93310546875,171.35061645507812
115,2,874.6460571289062,195.69525146484375
115,4,608.5477294921875,220.89544677734375
115,5,1221.764404296875,228.27053833007812
115,8,566.1619262695312,629.6975708007812
115,11,968.9749755859375,238.81585693359375
115,9,1293.36572265625,140.64706420898438
115,13,1398.4765625,717.1702880859375
115,10,1043.9019775390625,198.72769165039062
115,7,1387.1021728515625,107.02252960205078
115,1,1246.9306640625,90.94414520263672
116,2,878.016357421875,191.72393798828125
116,4,608.6781005859375,220.6510009765625
116,5,1213.638916015625,229.65423583984375
116,8,561.068603515625,629.2938842773438
116,11,968.0574951171875,238.75648498535156
116,9,1287.44140625,138.89256286621094
116,13,1384.02587890625,715.8629150390625
116,10,1038.220703125,197.71389770507812
116,7,1382.080810546875,106.50724029541016
116,1,1237.106689453125,91.90482330322266
116,6,1070.8428955078125,173.20046997070312
117,2,881.149658203125,187.58331298828125
117,4,608.796875,220.60638427734375
117,5,1203.982177734375,230.73739624023438
117,8,540.8573608398438,628.656005859375
117,11,957.6942138671875,238.0697021484375
117,9,1282.35888671875,136.72341918945312
117,13,1382.162353515625,713.668701171875
117,10,1042.6138916015625,195.66851806640625
117,7,1376.78662109375,106.74384307861328
117,1,1231.3896484375,90.64869689941406
117,6,1069.0875244140625,172.71438598632812
118,2,884.6717529296875,184.28794860839844
118,4,608.9525146484375,220.71527099609375
118,5,1194.763671875,233.05877685546875
118,8,530.5975952148438,627.7164306640625
118,11,956.289794921875,237.98927307128906
118,9,1277.047119140625,135.64889526367188
118,13,1376.3450927734375,712.22509765625
118,10,1043.475341796875,193.874755859375
118,7,1372.0584716796875,106.422607421875
118,1,1223.9696044921875,89.90046691894531
118,6,1067.748291015625,172.0745086669922
119,2,888.0345458984375,181.00625610351562
119,4,609.20556640625,220.7977294921875
119,5,1187.333984375,235.51483154296875
119,8,525.173828125,627.0142822265625
119,11,958.264404296875,238.09652709960938
119,9,1273.1505126953125,133.9598388671875
119,13,1369.12255859375,711.8568115234375
119,10,1041.8505859375,192.05642700195312
119,7,1366.708740234375,106.89067077636719
119,1,1215.398681640625,90.9306640625
119,6,1066.598876953125,172.17953491210938
120,2,891.80517578125,176.8838348388672
120,4,609.4788818359375,220.74761962890625
120,5,1178.2705078125,237.34140014648438
120,8,521.8374633789062,626.4935302734375
120,11,960.408447265625,239.59725952148438
120,9,1269.077392578125,132.6477508544922
120,13,1360.358154296875,711.5941772460938
120,10,1039.445068359375,190.11654663085938
120,7,1362.4093017578125,107.36686706542969
120,1,1205.9053955078125,92.3868179321289
120,6,1065.335205078125,171.171142578125
121,2,895.611572265625,173.82919311523438
121,4,609.4864501953125,220.8603057861328
121,5,1170.0609130859375,239.72308349609375
121,8,520.8525390625,626.0924682617188
121,11,960.59228515625,239.50686645507812
121,9,1261.74072265625,131.89096069335938
121,13,1353.126953125,711.3143310546875
121,10,1036.62060546875,188.5494384765625
121,7,1352.353759765625,111.08297729492188
121,1,1196.88525390625,92.15791320800781
121,6,1063.7099609375,169.61778259277344
122,2,904.541015625,172.98773193359375
122,4,609.6539306640625,220.8574981689453
122,5,1162.042724609375,241.37754821777344
122,8,523.2050170898438,625.23193359375
122,11,960.5255126953125,239.05517578125
122,9,1257.2861328125,130.52406311035156
122,13,1345.162353515625,710.8485107421875
122,10,1034.0140380859375,186.6475830078125
122,7,1348.2119140625,110.32074737548828
122,1,1189.98388671875,92.48646545410156
122,6,1062.261962890625,169.41590881347656
123,2,908.9824829101562,173.10791015625
123,4,609.6502685546875,220.73277282714844
123,5,1153.067138671875,243.85357666015625
123,8,523.2124633789062,623.2230834960938
123,11,959.7981567382812,238.64585876464844
123,9,1254.353515625,129.30142211914062
123,13,1337.2779541015625,710.8560791015625
123,10,1028.25048828125,184.33935546875
123,7,1344.384765625,112.06844329833984
123,1,1180.158447265625,93.331787109375
123,6,1062.34423828125,169.48178100585938
124,2,912.5592041015625,166.97540283203125
124,4,609.688232421875,220.6645050048828
124,5,1146.5810546875,245.35284423828125
124,8,523.2636108398438,620.7700805664062
124,11,958.2451171875,238.6339111328125
124,9,1250.8154296875,128.08944702148438
124,13,1330.46533203125,709.8553466796875
124,10,1024.7249755859375,182.51571655273438
124,7,1341.5567626953125,111.87577819824219
124,1,1171.50146484375,91.87642669677734
124,6,1060.6622314453125,176.44345092773438
125,2,916.1517333984375,162.7220916748047
125,4,609.4173583984375,220.26071166992188
125,5,1139.4483642578125,246.8185272216797
125,8,521.813720703125,619.5134887695312
125,11,955.5864868164062,238.64431762695312
125,9,1247.4744873046875,127.32361602783203
125,13,1322.989501953125,711.150390625
125,10,1018.7890014648438,181.48062133789062
125,7,1339.326171875,110.78553771972656
125,6,1059.560302734375,179.9134979248047
126,2,920.3065185546875,157.81600952148438
126,4,609.2020263671875,219.80615234375
126,5,1132.625732421875,248.66317749023438
126,8,520.9658813476562,618.4827270507812
126,11,952.47998046875,238.73207092285156
126,9,1243.076904296875,125.19035339355469
126,13,1315.3292236328125,711.2050170898438
126,10,1006.8345947265625,180.69027709960938
126,7,1336.92529296875,111.81950378417969
126,6,1059.1639404296875,179.3011932373047
127,2,925.3958129882812,154.4776611328125
127,4,608.7945556640625,218.64212036132812
127,5,1125.19873046875,250.67910766601562
127,8,519.5615844726562,614.331787109375
127,11,949.041015625,238.817138671875
127,9,1239.412353515625,123.66850280761719
127,13,1308.4954833984375,711.0279541015625
127,10,1002.5985107421875,180.09022521972656
127,7,1333.4383544921875,112.39417266845703
127,6,1058.045166015625,175.0314483642578
128,2,932.0277099609375,152.14501953125
128,4,608.7455444335938,217.82077026367188
128,5,1119.415283203125,251.20445251464844
128,8,519.4692993164062,608.2626342773438
128,11,945.930419921875,239.33938598632812
128,9,1233.72021484375,122.26638793945312
128,13,1302.0421142578125,712.5418701171875
128,10,1005.75,179.83949279785156
128,7,1329.0521240234375,113.56436157226562
128,6,1056.4913330078125,176.1246795654297
128,1,1133.73583984375,120.26193237304688
129,2,936.91650390625,150.37118530273438
129,4,608.5220947265625,217.8216094970703
129,5,1116.0931396484375,253.61480712890625
129,8,516.7447509765625,602.6419677734375
129,11,943.3038330078125,239.76065063476562
129,9,1229.189208984375,121.80142211914062
129,13,1294.892822265625,713.070556640625
129,10,1007.123779296875,178.70803833007812
129,7,1325.795654296875,115.02383422851562
129,6,1055.6044921875,177.62600708007812
129,1,1124.062255859375,114.45923614501953
130,2,940.5042724609375,147.83114624023438
130,4,608.352783203125,217.45974731445312
130,5,1110.118408203125,255.50982666015625
130,8,515.47216796875,595.9545288085938
130,11,939.6536254882812,239.52809143066406
130,9,1226.4287109375,120.53125
130,13,1287.58837890625,712.6566162109375
130,10,1003.0885620117188,178.1669158935547
130,7,1321.47705078125,115.68698120117188
130,6,1054.27587890625,178.60791015625
130,1,1113.5338134765625,108.05252838134766
131,2,944.7507934570312,143.74464416503906
131,4,608.1572265625,215.98736572265625
131,5,1101.2109375,257.5391540527344
131,8,513.0138549804688,590.2740478515625
131,11,937.31005859375,239.333251953125
131,9,1223.663330078125,118.61990356445312
131,13,1281.63330078125,712.7421264648438
131,10,995.447509765625,176.3756103515625
131,7,1316.675048828125,115.72966003417969
131,6,1053.8427734375,178.63729858398438
131,1,1103.170166015625,108.29878997802734
132,2,947.1962890625,140.0330810546875
132,4,607.7569580078125,216.35870361328125
132,5,1094.722412109375,259.8843688964844
132,8,506.34515380859375,586.7821044921875
132,11,934.714111328125,239.18360900878906
132,9,1220.5166015625,117.62045288085938
132,13,1275.2392578125,712.328369140625
132,10,992.150146484375,175.36941528320312
132,7,1312.8837890625,115.9399185180664
132,6,1053.1197509765625,178.95999145507812
132,1,1092.528564453125,107.46142578125
133,2,945.9315185546875,135.51239013671875
133,4,606.7047729492188,216.10614013671875
133,5,1088.2669677734375,262.51812744140625
133,8,502.6456298828125,583.8701171875
133,11,933.8490600585938,238.8566131591797
133,9,1216.70556640625,116.49275207519531
133,13,1266.616943359375,711.6697998046875
133,10,993.3489990234375,174.35894775390625
133,7,1308.8560791015625,116.13416290283203
133,6,1054.200439453125,179.61041259765625
133,1,1082.063720703125,106.99568939208984
134,2,944.961181640625,132.18719482421875
134,4,606.4384765625,214.64907836914062
134,5,1082.1566162109375,266.890625
134,8,498.8634033203125,582.31103515625
134,11,925.2979736328125,242.391357421875
134,9,1213.59423828125,115.56784057617188
134,13,1260.19287109375,711.941162109375
134,10,992.5562744140625,173.6107635498047
134,7,1304.715576171875,116.59727478027344
134,6,1054.3160400390625,180.27310180664062
134,1,1069.92041015625,110.7750244140625
